Workbook

Sheet Monthly
A1: observation_date | B1: FEDFUNDS | C1: CPIAUCSL | D1: INDPRO | E1: BBA | F1: AAA | G1: BAA-AAA | H1: BUSLOANS | I1: SP500 | J1: VIX_Proxy | K1: high_vol
A2: 22647 | B2: 2.15 | C2: 30.04 | D2: 24.6925 | E2: 5.08 | F2: 4.42 | G2: =E2-F2 -> 0.66 | H2: 43.9853 | I2: 68.839996 | J2: 11.955227 | K2: 0
A3: 22678 | B3: 2.37 | C3: 30.11 | D3: 25.0964 | E3: 5.07 | F3: 4.42 | G3: =E3-F3 -> 0.65 | H3: 43.8688 | I3: 69.959999 | J3: 7.4564544 | K3: 0
A4: 22706 | B4: 2.85 | C4: 30.17 | D4: 25.2311 | E4: 5.04 | F4: 4.39 | G4: =E4-F4 -> 0.65 | H4: 44.1012 | I4: 69.550003 | J4: 7.3137063 | K4: 0
A5: 22737 | B5: 2.78 | C5: 30.21 | D5: 25.285 | E5: 5.02 | F5: 4.33 | G5: =E5-F5 -> 0.69 | H5: 44.5398 | I5: 65.239998 | J5: 12.678566 | K5: 0
A6: 22767 | B6: 2.36 | C6: 30.24 | D6: 25.258 | E6: 5 | F6: 4.28 | G6: =E6-F6 -> 0.72 | H6: 44.8413 | I6: 59.630001 | J6: 43.127491 | K6: 1
A7: 22798 | B7: 2.68 | C7: 30.21 | D7: 25.2042 | E7: 5.02 | F7: 4.28 | G7: =E7-F7 -> 0.74 | H7: 45.5419 | I7: 54.75 | J7: 33.895181 | K7: 1
A8: 22828 | B8: 2.71 | C8: 30.22 | D8: 25.4465 | E8: 5.05 | F8: 4.34 | G8: =E8-F8 -> 0.71 | H8: 45.7268 | I8: 58.23 | J8: 18.123374 | K8: 0
A9: 22859 | B9: 2.93 | C9: 30.28 | D9: 25.4734 | E9: 5.06 | F9: 4.35 | G9: =E9-F9 -> 0.71 | H9: 45.9234 | I9: 59.119999 | J9: 12.030973 | K9: 0
A10: 22890 | B10: 2.9 | C10: 30.42 | D10: 25.635 | E10: 5.03 | F10: 4.32 | G10: =E10-F10 -> 0.71 | H10: 46.3736 | I10: 56.27 | J10: 15.417746 | K10: 0
A11: 22920 | B11: 2.9 | C11: 30.38 | D11: 25.6619 | E11: 4.99 | F11: 4.28 | G11: =E11-F11 -> 0.71 | H11: 46.8487 | I11: 56.52 | J11: 25.071638 | K11: 1
A12: 22951 | B12: 2.94 | C12: 30.38 | D12: 25.7696 | E12: 4.96 | F12: 4.25 | G12: =E12-F12 -> 0.71 | H12: 47.1998 | I12: 62.259998 | J12: 12.988667 | K12: 0
A13: 22981 | B13: 2.93 | C13: 30.38 | D13: 25.7696 | E13: 4.92 | F13: 4.24 | G13: =E13-F13 -> 0.68 | H13: 47.4376 | I13: 63.099998 | J13: 11.363275 | K13: 0
... A135: 26696 | B135: 6.58 | C135: 43 | D135: 44.6827 | E135: 7.97 | F135: 7.22 | G135: =E135-F135 -> 0.75 | H135: 140.7983 | I135: 111.68 | J135: 16.334825 | K135: 0
A136: 26724 | B136: 7.09 | C136: 43.4 | D136: 44.7045 | E136: 8.03 | F136: 7.29 | G136: =E136-F136 -> 0.74 | H136: 144.9576 | I136: 111.52 | J136: 17.290877 | K136: 0 | N136: =SUM(L775) -> 0
A137: 26755 | B137: 7.12 | C137: 43.7 | D137: 44.6387 | E137: 8.09 | F137: 7.26 | G137: =E137-F137 -> 0.83 | H137: 147.5343 | I137: 106.97 | J137: 17.4652 | K137: 0
A138: 26785 | B138: 7.84 | C138: 43.9 | D138: 44.9429 | E138: 8.06 | F138: 7.29 | G138: =E138-F138 -> 0.77 | H138: 149.9659 | I138: 104.95 | J138: 24.195439 | K138: 1
A139: 26816 | B139: 8.49 | C139: 44.2 | D139: 45.0035 | E139: 8.13 | F139: 7.37 | G139: =E139-F139 -> 0.76 | H139: 152.8292 | I139: 104.26 | J139: 20.867787 | K139: 1
A140: 26846 | B140: 10.4 | C140: 44.2 | D140: 45.1636 | E140: 8.24 | F140: 7.45 | G140: =E140-F140 -> 0.79 | H140: 155.3291 | I140: 108.22 | J140: 18.983387 | K140: 0
A141: 26877 | B141: 10.5 | C141: 45 | D141: 45.1019 | E141: 8.53 | F141: 7.68 | G141: =E141-F141 -> 0.85 | H141: 158.0681 | I141: 104.25 | J141: 13.785951 | K141: 0
A142: 26908 | B142: 10.78 | C142: 45.2 | D142: 45.4624 | E142: 8.63 | F142: 7.63 | G142: =E142-F142 -> 1 | H142: 158.5066 | I142: 108.43 | J142: 13.743594 | K142: 0
A143: 26938 | B143: 10.01 | C143: 45.6 | D143: 45.847 | E143: 8.41 | F143: 7.6 | G143: =E143-F143 -> 0.81 | H143: 159.1694 | I143: 108.29 | J143: 15.698275 | K143: 0
A144: 26969 | B144: 10.03 | C144: 45.9 | D144: 46.0553 | E144: 8.42 | F144: 7.67 | G144: =E144-F144 -> 0.75 | H144: 159.9353 | I144: 95.959999 | J144: 27.452133 | K144: 1
A145: 26999 | B145: 9.95 | C145: 46.3 | D145: 45.923 | E145: 8.48 | F145: 7.68 | G145: =E145-F145 -> 0.8 | H145: 161.2113 | I145: 97.550003 | J145: 33.566526 | K145: 1
A146: 27030 | B146: 9.65 | C146: 46.8 | D146: 45.6204 | E146: 8.48 | F146: 7.83 | G146: =E146-F146 -> 0.65 | H146: 163.0226 | I146: 96.57 | J146: 25.61811 | K146: 1
A147: 27061 | B147: 8.97 | C147: 47.3 | D147: 45.4759 | E147: 8.53 | F147: 7.85 | G147: =E147-F147 -> 0.68 | H147: 164.772 | I147: 96.220001 | J147: 20.553067 | K147: 0
A148: 27089 | B148: 9.35 | C148: 47.8 | D148: 45.4777 | E148: 8.62 | F148: 8.01 | G148: =E148-F148 -> 0.61 | H148: 168.8168 | I148: 93.980003 | J148: 18.354798 | K148: 0
... A770: 46023 | B770: 3.64 | C770: 326.588 | D770: 102.3412 | E770: 5.88 | F770: 5.34 | G770: =E770-F770 -> 0.54 | H770: 2743.0472 | I770: 6939.0298 | J770: 13.245474 | K770: 0

Sheet aar
A1: Date | B1: MPI | C1: BAA | D1: DGS10 | E1: Spread (BAA-DGS10) | F1: BUSLOANS | G1: DPRIME | H1: SP500
A2: 33239 | B2: 0.003271213 | C2: 10.45 | D2: 8.09 | E2: =C2-D2 -> 2.36 | F2: 636.1319 | G2: 9.5 | H2: 343.92999
A3: 33240 | B3: -0.041859154 | C3: 10.07 | D3: 7.85 | E3: =C3-D3 -> 2.22 | F3: 635.9164 | G3: 9.03 | H3: 367.07001
A4: 33241 | B4: 0.0672885 | C4: 10.09 | D4: 8.11 | E4: =C4-D4 -> 1.98 | F4: 635.219 | G4: 9 | H4: 375.22
A5: 33242 | B5: -0.11868041 | C5: 9.94 | D5: 8.04 | E5: =C5-D5 -> 1.9 | F5: 631.3454 | G5: 9 | H5: 375.34
A6: 33243 | B6: 0.028990405 | C6: 9.86 | D6: 8.07 | E6: =C6-D6 -> 1.79 | F6: 627.7868 | G6: 8.5 | H6: 389.82999
A7: 33244 | B7: 0 | C7: 9.96 | D7: 8.28 | E7: =C7-D7 -> 1.68 | F7: 626.1112 | G7: 8.5 | H7: 371.16
A8: 33245 | B8: 0.043854589 | C8: 9.89 | D8: 8.27 | E8: =C8-D8 -> 1.62 | F8: 623.1573 | G8: 8.5 | H8: 387.81
A9: 33246 | B9: 0.0050794279 | C9: 9.65 | D9: 7.9 | E9: =C9-D9 -> 1.75 | F9: 618.3468 | G9: 8.5 | H9: 395.42999
A10: 33247 | B10: 0.010479139 | C10: 9.51 | D10: 7.65 | E10: =C10-D10 -> 1.86 | F10: 620.4959 | G10: 8.2 | H10: 387.85999
A11: 33248 | B11: 0.016278611 | C11: 9.49 | D11: 7.53 | E11: =C11-D11 -> 1.96 | F11: 620.9588 | G11: 8 | H11: 392.45001
A12: 33249 | B12: -0.070518719 | C12: 9.45 | D12: 7.42 | E12: =C12-D12 -> 2.03 | F12: 618.4141 | G12: 7.58 | H12: 375.22
A13: 33250 | B13: -0.10221181 | C13: 9.26 | D13: 7.09 | E13: =C13-D13 -> 2.17 | F13: 618.8362 | G13: 7.21 | H13: 417.09
... A301: 42016 | B301: 0.038523905 | C301: 5.46 | D301: 2.24 | E301: =C301-D301 -> 3.22 | F301: 1952.8521 | G301: 3.36 | H301: 2043.9399

Sheet Variabili pronte
A1: observation_date | B1: CCS (spread) | C1: dlog_loans | D1: SP500 log returns | E1: ddprime | F1: dgs10_chg | G1: high_vol
A2: 22647 | B2: =Monthly!E2-Monthly!#REF! -> #REF! | C2: =SUM(C3:C10)/COUNT(C3:C10) -> 0.66093556 | D2: -3.8611631 | E2: =100*(Monthly!#REF!-Monthly!#REF!) -> #REF! | F2: =100*(Monthly!#REF!-Monthly!#REF!) -> #REF! | G2: 0
A3: 22678 | B3: =Monthly!E3-Monthly!#REF! -> #REF! | C3: =100*(LN(Monthly!H3)-LN(Monthly!H2)) -> -0.26521259 | D3: 1.6138719 | E3: =100*(Monthly!#REF!-Monthly!#REF!) -> #REF! | F3: =100*(Monthly!#REF!-Monthly!#REF!) -> #REF! | G3: 0
A4: 22706 | B4: =Monthly!E4-Monthly!#REF! -> #REF! | C4: =100*(LN(Monthly!H4)-LN(Monthly!H3)) -> 0.52836317 | D4: -0.58776748 | E4: =100*(Monthly!#REF!-Monthly!#REF!) -> #REF! | F4: =100*(Monthly!#REF!-Monthly!#REF!) -> #REF! | G4: 0
A5: 22737 | B5: =Monthly!E5-Monthly!#REF! -> #REF! | C5: =100*(LN(Monthly!H5)-LN(Monthly!H4)) -> 0.98961785 | D5: -6.3973217 | E5: =100*(Monthly!#REF!-Monthly!#REF!) -> #REF! | F5: =100*(Monthly!#REF!-Monthly!#REF!) -> #REF! | G5: 0
A6: 22767 | B6: =Monthly!E6-Monthly!#REF! -> #REF! | C6: =100*(LN(Monthly!H6)-LN(Monthly!H5)) -> 0.67464183 | D6: -8.9913924 | E6: =100*(Monthly!#REF!-Monthly!#REF!) -> #REF! | F6: =100*(Monthly!#REF!-Monthly!#REF!) -> #REF! | G6: 1
A7: 22798 | B7: =Monthly!E7-Monthly!#REF! -> #REF! | C7: =100*(LN(Monthly!H7)-LN(Monthly!H6)) -> 1.5503192 | D7: -8.5381452 | E7: =100*(Monthly!#REF!-Monthly!#REF!) -> #REF! | F7: =100*(Monthly!#REF!-Monthly!#REF!) -> #REF! | G7: 1
A8: 22828 | B8: =Monthly!E8-Monthly!#REF! -> #REF! | C8: =100*(LN(Monthly!H8)-LN(Monthly!H7)) -> 0.40517779 | D8: 6.1623309 | E8: =100*(Monthly!#REF!-Monthly!#REF!) -> #REF! | F8: =100*(Monthly!#REF!-Monthly!#REF!) -> #REF! | G8: 0
A9: 22859 | B9: =Monthly!E9-Monthly!#REF! -> #REF! | C9: =100*(LN(Monthly!H9)-LN(Monthly!H8)) -> 0.42902318 | D9: 1.5168581 | E9: =100*(Monthly!#REF!-Monthly!#REF!) -> #REF! | F9: =100*(Monthly!#REF!-Monthly!#REF!) -> #REF! | G9: 0
A10: 22890 | B10: =Monthly!E10-Monthly!#REF! -> #REF! | C10: =100*(LN(Monthly!H10)-LN(Monthly!H9)) -> 0.97555407 | D10: -4.9407717 | E10: =100*(Monthly!#REF!-Monthly!#REF!) -> #REF! | F10: =100*(Monthly!#REF!-Monthly!#REF!) -> #REF! | G10: 0
A11: 22920 | B11: =Monthly!E11-Monthly!#REF! -> #REF! | C11: =100*(LN(Monthly!H11)-LN(Monthly!H10)) -> 1.0192928 | D11: 0.44330243 | E11: =100*(Monthly!#REF!-Monthly!#REF!) -> #REF! | F11: =100*(Monthly!#REF!-Monthly!#REF!) -> #REF! | G11: 1
A12: 22951 | B12: =Monthly!E12-Monthly!#REF! -> #REF! | C12: =100*(LN(Monthly!H12)-LN(Monthly!H11)) -> 0.74663951 | D12: 9.6724572 | E12: =100*(Monthly!#REF!-Monthly!#REF!) -> #REF! | F12: =100*(Monthly!#REF!-Monthly!#REF!) -> #REF! | G12: 0
A13: 22981 | B13: =Monthly!E13-Monthly!#REF! -> #REF! | C13: =100*(LN(Monthly!H13)-LN(Monthly!H12)) -> 0.50255079 | D13: 1.3401607 | E13: =100*(Monthly!#REF!-Monthly!#REF!) -> #REF! | F13: =100*(Monthly!#REF!-Monthly!#REF!) -> #REF! | G13: 0
A14: 23012 | B14: =Monthly!E14-Monthly!#REF! -> #REF! | C14: =100*(LN(Monthly!H14)-LN(Monthly!H13)) -> 0.47255658 | D14: 4.7959671 | E14: =100*(Monthly!#REF!-Monthly!#REF!) -> #REF! | F14: =100*(Monthly!#REF!-Monthly!#REF!) -> #REF! | G14: 0
... A770: 46023 | B770: =Monthly!E770-Monthly!#REF! -> #REF! | C770: =100*(LN(Monthly!H770)-LN(Monthly!H769)) -> 1.2382516 | D770: 1.3570462 | E770: =100*(Monthly!#REF!-Monthly!#REF!) -> #REF! | F770: =100*(Monthly!#REF!-Monthly!#REF!) -> #REF! | G770: 0
